{
  "lr": 2.24188082421764e-05,
  "formation_penalty": -1.3050473836471812,
  "mean_penalty": -0.4958840105544476,
  "cohesion_bonus_weight": 15.428091821111597,
  "progress_weight": 0.1195694649245605,
  "alive_reward": 0.8156231824620959,
  "formation_tol": 22.598852637062276,
  "explore_std": 0.11515928010506034
}